addresses_roadtype_name,addresses_end_street_number,geo_epgs_4326_lon,values_attribute_name,estimated_dates,addresses_road_name,values_category,addresses_zip_code,secondary_filters_id,values_value,addresses_town,secondary_filters_name,timetable,secondary_filters_tree,start_date,addresses_district_name,end_date,geo_epgs_25831_x,addresses_start_street_number,register_id,institution_id,addresses_main_address,addresses_district_id,addresses_roadtype_id,addresses_type,addresses_neighborhood_id,_id,name,addresses_road_id,created,geo_epgs_25831_y,institution_name,modified,secondary_filters_asia_id,secondary_filters_fullpath,geo_epgs_4326_lat,values_description,values_id,addresses_neighborhood_name,values_outstanding,values_attribute_id
,,2.165900883899018,Tel.,,Carrer de València,Telèfons,8009,55733072,934880590,Barcelona,Centres cívics,,651,,Eixample,,430270.6195702426,302,﻿92086007784,,True,2,,,7,1,Centre Cultural La Casa Elizalde,350308,1984-06-26T00:00:00,4582889.5419638995,,2026-02-12T22:35:12.968743,65103002002004,Planol BCN >> Cultura i lleure >> Espais de participació ciutadana >> Centres cívics,41.394518975814755,,162191,la Dreta de l'Eixample,True,20001
,,2.165900883899018,Tel.,,Carrer de València,Telèfons,8009,66731068,934880590,Barcelona,WiFi BCN,,651,,Eixample,,430270.6195702426,302,﻿92086007784,,True,2,,,7,2,Centre Cultural La Casa Elizalde,350308,1984-06-26T00:00:00,4582889.5419638995,,2026-02-12T22:35:12.968743,65103013000000,Planol BCN >> Internet >> Punts d'accés a Internet >> WiFi BCN,41.394518975814755,,162191,la Dreta de l'Eixample,True,20001
,2,2.1493406545619487,Tel.,,Carrer d'Aragó,Telèfons,8015,55737068,010,Barcelona,Parcs i jardins,,651,,Eixample,,428867.3977292197,2,﻿92086012013,,True,2,,,9,3,Parc de Joan Miró,18505,1985-05-07T00:00:00,4580987.857029072,,2026-02-20T08:04:21.695207,65103002006000,Planol BCN >> Cultura i lleure >> Parcs i jardins >> Parcs i jardins,41.37726829547463,,163468,la Nova Esquerra de l'Eixample,True,20001
,2,2.1493406545619487,Tel.,,Carrer d'Aragó,Telèfons,8015,66731068,010,Barcelona,WiFi BCN,,651,,Eixample,,428867.3977292197,2,﻿92086012013,,True,2,,,9,4,Parc de Joan Miró,18505,1985-05-07T00:00:00,4580987.857029072,,2026-02-20T08:04:21.695207,65103013000000,Planol BCN >> Internet >> Punts d'accés a Internet >> WiFi BCN,41.37726829547463,,163468,la Nova Esquerra de l'Eixample,True,20001
,,2.1432215181756806,Tel.,,Carrer del Rector Triadó,Telèfons,8014,55733072,934230440,Barcelona,Centres cívics,,651,,Sants-Montjuïc,,428356.35456304916,53,﻿92086002472,,True,3,,,15,5,Centre Cívic Casinet d'Hostafrancs,246703,1984-05-30T00:00:00,4581058.3734327955,,2026-02-12T22:35:08.928510,65103002002004,Planol BCN >> Cultura i lleure >> Espais de participació ciutadana >> Centres cívics,41.37785807405671,,160177,Hostafrancs,True,20001
,,2.1432215181756806,Tel.,,Carrer del Rector Triadó,Telèfons,8014,66731068,934230440,Barcelona,WiFi BCN,,651,,Sants-Montjuïc,,428356.35456304916,53,﻿92086002472,,True,3,,,15,6,Centre Cívic Casinet d'Hostafrancs,246703,1984-05-30T00:00:00,4581058.3734327955,,2026-02-12T22:35:08.928510,65103013000000,Planol BCN >> Internet >> Punts d'accés a Internet >> WiFi BCN,41.37785807405671,,160177,Hostafrancs,True,20001
,,2.127203860035805,,,Pl Reina Maria Cristina,,8034,66731068,,BARCELONA,WiFi BCN,,651,,Les Corts,,427028.7262155595,1,﻿99400267072,,True,4,,,21,108,Punt de connexió Barcelona WiFi a la plaça Reina Maria Cristina,278302,2011-03-23T12:42:54,4582241.218605176,,2011-03-23T12:43:06,65103013000000,Planol BCN >> Internet >> Punts d'accés a Internet >> WiFi BCN,41.38839217729596,,,Pedralbes,,
,,2.158779410901398,,,C Casanova,,8011,66731068,,BARCELONA,WiFi BCN,,651,,Eixample,,429665.6306559071,74,﻿99400346283,,True,2,,,8,7,Punt de connexió Barcelona WiFi a la cruïlla del carrer Casanova amb carrer del Consell de Cent,70607,2014-07-01T09:55:41,4581902.377470432,,2014-07-01T09:55:54,65103013000000,Planol BCN >> Internet >> Punts d'accés a Internet >> WiFi BCN,41.38557524311382,,,l'Antiga Esquerra de l'Eixample,,
,,2.1752902323551675,,,C Còrsega,,8025,66731068,,BARCELONA,WiFi BCN,,651,,Eixample,,431070.2414851515,592,﻿99400346301,,True,2,,,6,8,Punt de connexió Barcelona WiFi a la cruïlla del carrer Còrsega amb carrer Castillejos,90502,2014-07-01T10:32:37,4584424.091160868,,2014-07-01T10:32:54,65103013000000,Planol BCN >> Internet >> Punts d'accés a Internet >> WiFi BCN,41.408409094962806,,,la Sagrada Família,,
,,2.158619923451321,,,C Villarroel,,8011,66731068,,BARCELONA,WiFi BCN,,651,,Eixample,,429650.28684830246,71,﻿99400346309,,True,2,,,8,9,Punt de connexió Barcelona WiFi a la cruïlla del carrer Villarroel amb carrer Diputació,363809,2014-07-01T10:48:29,4581695.590485244,,2014-07-01T13:58:20,65103013000000,Planol BCN >> Internet >> Punts d'accés a Internet >> WiFi BCN,41.38371144092215,,,l'Antiga Esquerra de l'Eixample,,
,,2.1823435601163825,,,C Diputació,,8013,66731068,,BARCELONA,WiFi BCN,,651,,Eixample,,431652.86997529585,472,﻿99400288546,,True,2,,,5,10,Punt de connexió Barcelona WiFi a la cruïlla del carrer Diputació amb Padilla,100800,2012-03-21T10:27:23,4583687.690460598,,2012-03-21T10:27:36,65103013000000,Planol BCN >> Internet >> Punts d'accés a Internet >> WiFi BCN,41.40182631778532,,,el Fort Pienc,,
,,2.200785610468515,,,C Llacuna,,8005,66731068,,BARCELONA,WiFi BCN,,651,,Sant Martí,,433192.1890708097,26,﻿99400288547,,True,10,,,68,11,Punt de connexió Barcelona WiFi a la cruïlla del carrer Llacuna amb Llull,183603,2012-03-21T10:30:49,4583429.696284569,,2012-03-21T10:31:05,65103013000000,Planol BCN >> Internet >> Punts d'accés a Internet >> WiFi BCN,41.39963201626355,,,el Poblenou,,
,,2.1867155680485197,,,Pl Ferran Reyes,,8027,66731068,,BARCELONA,WiFi BCN,,651,,Sant Andreu,,432035.98287404707,9,﻿99400288676,,True,9,,,63,12,Punt de connexió Barcelona WiFi a la cruïlla de l'Avinguda Meridiana amb Espronceda,123907,2012-03-23T10:46:55,4585564.828234831,,2012-03-23T10:47:07,65103013000000,Planol BCN >> Internet >> Punts d'accés a Internet >> WiFi BCN,41.41876558522198,,,Navas,,
,,2.1648263466589786,,,C Camèlies,,8024,66731068,,BARCELONA,WiFi BCN,,651,,Horta-Guinardó,,430201.78778729116,101,﻿99400288680,,True,7,,,33,13,Punt de connexió Barcelona WiFi a la cruïlla del carrer Camèlies amb França,56504,2012-03-23T10:54:10,4585068.432700409,,2012-03-23T10:54:53,65103013000000,Planol BCN >> Internet >> Punts d'accés a Internet >> WiFi BCN,41.414137502086156,,,el Baix Guinardó,,
,,2.183182794492148,,,Pla Palau,,8003,66731068,,BARCELONA,WiFi BCN,,651,,Ciutat Vella,,431703.05191782664,22,﻿99400266865,,True,1,,,4,14,Punt de connexió Barcelona WiFi a la cruïlla de Pla de Palau amb el Passeig d'Isabel II,240707,2011-03-21T14:50:02,4581568.693144605,,2011-03-23T14:39:41,65103013000000,Planol BCN >> Internet >> Punts d'accés a Internet >> WiFi BCN,41.38274539640427,,,"Sant Pere, Santa Caterina i la Ribera",,
,,2.1615647295665905,,,C Mont ral,,8042,66731068,,BARCELONA,WiFi BCN,,651,,Horta-Guinardó,,429956.6145788391,63,﻿99400266888,,True,7,,,43,15,Punt de connexió Barcelona WiFi a la cruïlla del Passeig de la Vall Hebron i  Pl  Karl Marx,219609,2011-03-21T18:41:41,4587902.109036019,,2011-03-24T09:58:37,65103013000000,Planol BCN >> Internet >> Punts d'accés a Internet >> WiFi BCN,41.43963796913958,,,Horta,,
,,2.1630181378699582,,,Trav Gràcia,,8024,66731068,,BARCELONA,WiFi BCN,,651,,Gràcia,,430040.3755759486,263,﻿99400266936,,True,6,,,31,16,Punt de connexió Barcelona WiFi a la cruïlla del Passeig de Sant Joan amb Travessera de Gràcia,344101,2011-03-22T12:08:20,4584004.704039131,,2011-03-23T14:33:08,65103013000000,Planol BCN >> Internet >> Punts d'accés a Internet >> WiFi BCN,41.40454285290244,,,la Vila de Gràcia,,
,,2.1675627359531013,,,Pg Sant Joan,,8037,66731068,,BARCELONA,WiFi BCN,,651,,Eixample,,430416.4310054136,127,﻿99400266940,,True,2,,,7,17,Punt de connexió Barcelona WiFi a la cruïlla del Passeig de Sant Joan amb el carrer Rosselló,305100,2011-03-22T12:15:03,4583604.457020271,,2011-03-23T14:32:47,65103013000000,Planol BCN >> Internet >> Punts d'accés a Internet >> WiFi BCN,41.40097060381963,,,la Dreta de l'Eixample,,
,,2.123827322512148,Atenció al client,,Trav Corts,Telèfons,8028,55733071,697120023,BARCELONA,Casals i espais per a joves,,651,,Les Corts,,426736.25327678205,94,﻿99400257727,,True,4,,,20,18,Espai d'Adolescents Jovecardí,343903,2010-10-18T14:16:36,4581238.148330811,,2025-07-10T12:08:35.391165,65103002002003,Planol BCN >> Cultura i lleure >> Espais de participació ciutadana >> Casals i espais per a joves,41.37933135791374,Via WhatsApp,561375,la Maternitat i Sant Ramon,False,20005
,,2.123827322512148,Atenció al client,,Trav Corts,Telèfons,8028,66731068,697120023,BARCELONA,WiFi BCN,,651,,Les Corts,,426736.25327678205,94,﻿99400257727,,True,4,,,20,19,Espai d'Adolescents Jovecardí,343903,2010-10-18T14:16:36,4581238.148330811,,2025-07-10T12:08:35.391165,65103013000000,Planol BCN >> Internet >> Punts d'accés a Internet >> WiFi BCN,41.37933135791374,Via WhatsApp,561375,la Maternitat i Sant Ramon,False,20005
,,2.17124638891391,,,Pl Catalunya,,8002,66731068,,BARCELONA,WiFi BCN,,651,,Ciutat Vella,,430709.34248320316,17,﻿99400266012,,True,1,,,2,20,Punt de connexió Barcelona WiFi a la cruïlla de l'Av. Portal de l'Àngel amb el carrer Fontanella,74404,2011-03-10T10:10:34,4582032.414416998,,2011-03-23T14:42:06,65103013000000,Planol BCN >> Internet >> Punts d'accés a Internet >> WiFi BCN,41.38683702117165,,,el Barri Gòtic,,
,,2.144696692905894,,,C Muntaner,,8021,66731068,,BARCELONA,WiFi BCN,,651,,Sarrià-Sant Gervasi,,428501.4076857518,331,﻿99400346077,,True,5,,,26,21,Punt de connexió Barcelona WiFi a la cruïlla del carrer Muntaner amb carrer Calaf,223606,2014-06-30T09:35:08,4583255.477024742,,2014-06-30T09:35:20,65103013000000,Planol BCN >> Internet >> Punts d'accés a Internet >> WiFi BCN,41.3976594641527,,,Sant Gervasi - Galvany,,
,,2.1421582225388,,,C Muntaner,,8021,66731068,,BARCELONA,WiFi BCN,,651,,Sarrià-Sant Gervasi,,428291.2866822047,391,﻿99400346080,,True,5,,,26,22,Punt de connexió Barcelona WiFi a la cruïlla del carrer Muntaner amb carrer Descartes,223606,2014-06-30T09:42:02,4583467.941907842,,2014-06-30T09:42:18,65103013000000,Planol BCN >> Internet >> Punts d'accés a Internet >> WiFi BCN,41.39955434030976,,,Sant Gervasi - Galvany,,
,,2.1439447592558025,,,C Muntaner,,8021,66731068,,BARCELONA,WiFi BCN,,651,,Sarrià-Sant Gervasi,,428439.15927736164,351,﻿99400346082,,True,5,,,26,23,Punt de connexió Barcelona WiFi a la cruïlla del carrer Muntaner amb carrer Rector Ubach,223606,2014-06-30T09:47:03,4583317.79740368,,2014-06-30T09:47:15,65103013000000,Planol BCN >> Internet >> Punts d'accés a Internet >> WiFi BCN,41.39821522206376,,,Sant Gervasi - Galvany,,
,,2.1767154740133754,,,C Nàpols,,8013,66731068,,BARCELONA,WiFi BCN,,651,,Eixample,,431177.66369371134,161,﻿99400346084,,True,2,,,7,24,Punt de connexió Barcelona WiFi a la cruïlla del carrer Nàpols amb carrer Diputació,225500,2014-06-30T09:50:56,4583191.696202152,,2014-06-30T09:51:09,65103013000000,Planol BCN >> Internet >> Punts d'accés a Internet >> WiFi BCN,41.397318518910886,,,la Dreta de l'Eixample,,
,,2.1939047935051885,,,C Perú,,8018,66731068,,BARCELONA,WiFi BCN,,651,,Sant Martí,,432624.45642583305,46,﻿99400288552,,True,10,,,71,25,Punt de connexió Barcelona WiFi a la cruïlla de la Rambla del Poblenou amb Perú,253902,2012-03-21T10:48:41,4584235.909309056,,2012-03-21T10:49:02,65103013000000,Planol BCN >> Internet >> Punts d'accés a Internet >> WiFi BCN,41.40684597337794,,,Provençals del Poblenou,,
,,2.1972938373858706,,,C Pere IV,,8005,66731068,,BARCELONA,WiFi BCN,,651,,Sant Martí,,432902.92882438994,164,﻿99400288548,,True,10,,,68,26,Punt de connexió Barcelona WiFi a la cruïlla del carrer Llacuna amb Pere IV,249304,2012-03-21T10:33:13,4583715.802436726,,2012-03-21T10:33:31,65103013000000,Planol BCN >> Internet >> Punts d'accés a Internet >> WiFi BCN,41.402184809316836,,,el Poblenou,,
,,2.180184774721653,,,Pl Doctor Modrego,,8027,66731068,,BARCELONA,WiFi BCN,,651,,Sant Andreu,,431497.1569559496,3,﻿99400288682,,True,9,,,62,27,Punt de connexió Barcelona WiFi a la cruïlla del carrer Felip II amb la Plaça del Doctor Modrego,102907,2012-03-23T11:02:38,4586303.015931383,,2012-03-23T11:03:00,65103013000000,Planol BCN >> Internet >> Punts d'accés a Internet >> WiFi BCN,41.42536842960699,,,el Congrés i els Indians,,
,,2.1725852583351686,,,Pl Urquinaona,,8010,66731068,,BARCELONA,WiFi BCN,,651,,Eixample,,430823.50432588975,1,﻿99400288283,,True,2,,,7,28,Punt de connexió Barcelona WiFi a la cruïlla del carrer Pau Claris amb la Ronda de Sant Pere,232902,2012-03-19T11:10:10,4582263.873181837,,2012-03-19T11:10:25,65103013000000,Planol BCN >> Internet >> Punts d'accés a Internet >> WiFi BCN,41.38893152382952,,,la Dreta de l'Eixample,,
,,2.1646238492116,,,C Bruc,,8037,66731068,,BARCELONA,WiFi BCN,,651,,Eixample,,430167.5164933072,152,﻿99400288413,,True,2,,,7,29,Punt de connexió Barcelona WiFi a la cruïlla del carrer Bruc amb l'Avinguda Diagonal,49509,2012-03-20T10:18:15,4583269.7462337185,,2012-03-20T10:18:30,65103013000000,Planol BCN >> Internet >> Punts d'accés a Internet >> WiFi BCN,41.397934399357986,,,la Dreta de l'Eixample,,
,,2.1763233301349656,,,C Indústria,,8025,66731068,,BARCELONA,WiFi BCN,,651,,Eixample,,431159.1775657671,196,﻿99400346350,,True,2,,,6,30,Punt de connexió Barcelona WiFi a la cruïlla del carrer Indústria amb carrer del Dos de Maig,161407,2014-07-01T12:02:33,4584695.459532966,,2014-07-01T12:02:41,65103013000000,Planol BCN >> Internet >> Punts d'accés a Internet >> WiFi BCN,41.41086084023397,,,la Sagrada Família,,
,,2.1807385337123146,,,Pg Maragall,,8041,66731068,,BARCELONA,WiFi BCN,,651,,Sant Martí,,431533.3178223392,54,﻿99400346362,,True,10,,,64,31,Punt de connexió Barcelona WiFi a la cruïlla del Passeig Maragall amb c. de Sant Antoni Maria Claret,194406,2014-07-01T12:19:04,4585233.813360256,,2014-07-01T12:19:12,65103013000000,Planol BCN >> Internet >> Punts d'accés a Internet >> WiFi BCN,41.41574157238099,,,el Camp de l'Arpa del Clot,,
,,2.166481155557753,,,Rda Guinardó,,8024,66731068,,BARCELONA,WiFi BCN,,651,,Horta-Guinardó,,430338.6554891418,51,﻿99400346451,,True,7,,,33,32,Punt de connexió Barcelona WiFi a la cruïlla de la Ronda Guinardo amb Edifici d'aigua,152905,2014-07-02T11:15:52,4584918.368191648,,2014-07-02T11:16:06,65103013000000,Planol BCN >> Internet >> Punts d'accés a Internet >> WiFi BCN,41.412797801282444,,,el Baix Guinardó,,
,,2.161487578407973,,,Av Diagonal,,8008,66731068,,BARCELONA,WiFi BCN,,651,,Eixample,,429904.1350779812,371,﻿99400297827,,True,2,,,7,33,Punt de connexió Barcelona WiFi a la cruïlla del carrer Pau Claris amb l'Avinguda Diagonal,144601,2012-07-27T12:46:56,4583147.730369449,,2012-07-27T12:47:47,65103013000000,Planol BCN >> Internet >> Punts d'accés a Internet >> WiFi BCN,41.39681252895412,,,la Dreta de l'Eixample,,
,,2.153337927588358,,,C Jorge Manrique,,8035,66731068,,BARCELONA,WiFi BCN,,651,,Horta-Guinardó,,429260.43952361774,2,﻿99400347469,,True,7,,,41,34,Punt de connexió Barcelona WiFi a la cruïlla Av. Estatut de Catalunya amb Punt Verd Zona Vall Hebron,169103,2014-07-14T13:41:21,4586999.087688383,,2014-07-14T13:42:59,65103013000000,Planol BCN >> Internet >> Punts d'accés a Internet >> WiFi BCN,41.43144381245928,,,la Vall d'Hebron,,
,,2.1529497673780273,,,C Rocafort,,8015,66731068,,BARCELONA,WiFi BCN,,651,,Eixample,,429171.57560050715,101,﻿99400347473,,True,2,,,9,35,Punt de connexió Barcelona WiFi a la cruïlla dels carrers Rocafort amb Diputació,285807,2014-07-14T13:54:05,4581228.32594572,,2014-07-14T13:54:21,65103013000000,Planol BCN >> Internet >> Punts d'accés a Internet >> WiFi BCN,41.37946094804299,,,la Nova Esquerra de l'Eixample,,
,,2.1791853387597175,,,C Los Castillejos,,8013,66731068,,BARCELONA,WiFi BCN,,651,,Eixample,,431393.29040180694,254,﻿99400346289,,True,2,,,6,36,Punt de connexió Barcelona WiFi a la cruïlla del carrer Castillejos amb carrer Mallorca,73900,2014-07-01T10:05:17,4584156.184839023,,2014-07-01T10:05:27,65103013000000,Planol BCN >> Internet >> Punts d'accés a Internet >> WiFi BCN,41.406023787772064,,,la Sagrada Família,,
,,2.1707257308974506,,,C Consell de Cent,,8009,66731068,,BARCELONA,WiFi BCN,,651,,Eixample,,430674.212643729,372,﻿99400346293,,True,2,,,7,37,Punt de connexió Barcelona WiFi a la cruïlla del carrer del Consell de Cent amb carrer Girona,89004,2014-07-01T10:15:15,4582910.725840225,,2014-07-01T10:15:29,65103013000000,Planol BCN >> Internet >> Punts d'accés a Internet >> WiFi BCN,41.39474466477788,,,la Dreta de l'Eixample,,
,,2.179064765153882,,,C Dos de Maig,,8025,66731068,,BARCELONA,WiFi BCN,,651,,Eixample,,431386.5653949951,285,﻿99400346310,,True,2,,,6,38,Punt de connexió Barcelona WiFi a la cruïlla del carrer del Dos de Maig amb Rosselló,105304,2014-07-01T10:50:19,4584510.077386738,,2014-07-01T10:50:32,65103013000000,Planol BCN >> Internet >> Punts d'accés a Internet >> WiFi BCN,41.409210608227355,,,la Sagrada Família,,
,,2.1403902291566586,,,C Espanya Industrial,,8014,66731068,,BARCELONA,WiFi BCN,,651,,Sants-Montjuïc,,428117.00794567453,1,﻿99400346315,,True,3,,,18,39,Punt de connexió Barcelona WiFi a la cruïlla del carrer Espanya Industrial amb Creu coberta,114101,2014-07-01T11:02:32,4580799.317910727,,2014-07-01T11:02:45,65103013000000,Planol BCN >> Internet >> Punts d'accés a Internet >> WiFi BCN,41.375503510652926,,,Sants,,
,,2.184931573020558,Tel.,,Carrer de Las Navas de Tolosa,Telèfons,8027,55733072,933493522,Barcelona,Centres cívics,,651,,Sant Andreu,,431884.9903809375,312,﻿99400305681,,True,9,,,63,40,Centre Cívic Navas,226400,2012-11-29T13:00:17,4585363.553166486,,2026-02-12T22:35:26.752308,65103002002004,Planol BCN >> Cultura i lleure >> Espais de participació ciutadana >> Centres cívics,41.41693998158291,,225302,Navas,True,20001
,,2.184931573020558,Tel.,,Carrer de Las Navas de Tolosa,Telèfons,8027,66731068,933493522,Barcelona,WiFi BCN,,651,,Sant Andreu,,431884.9903809375,312,﻿99400305681,,True,9,,,63,41,Centre Cívic Navas,226400,2012-11-29T13:00:17,4585363.553166486,,2026-02-12T22:35:26.752308,65103013000000,Planol BCN >> Internet >> Punts d'accés a Internet >> WiFi BCN,41.41693998158291,,225302,Navas,True,20001
,,2.185837719665396,,,C Felip II,,8027,66731068,,BARCELONA,WiFi BCN,,651,,Sant Andreu,,431965.0465106157,105,﻿99400346327,,True,9,,,63,42,Punt de connexió Barcelona WiFi a la cruïlla del carrer Felip II amb c.de Juan de Garay,121402,2014-07-01T11:35:39,4585823.319700985,,2014-07-01T11:35:51,65103013000000,Planol BCN >> Internet >> Punts d'accés a Internet >> WiFi BCN,41.4210877291312,,,Navas,,
,,2.1652889549493355,,,C Roger de Flor,,8025,66731068,,BARCELONA,WiFi BCN,,651,,Gràcia,,430229.78274493606,285,﻿99400346337,,True,6,,,32,43,"Punt de connexió Barcelona WiFi a la cruïlla del c. Roger de Flor amb Sant Antoni Maria Claret, 35",286504,2014-07-01T11:49:42,4583961.139503114,,2014-07-01T11:51:16,65103013000000,Planol BCN >> Internet >> Punts d'accés a Internet >> WiFi BCN,41.40416694294549,,,el Camp d'en Grassot i Gràcia Nova,,
,,2.1765982586205315,,,C Mallorca,,8013,66731068,,BARCELONA,WiFi BCN,,651,,Eixample,,431175.1705607297,436,﻿99400346359,,True,2,,,6,44,Punt de connexió Barcelona WiFi a la cruïlla del carrer Mallorca amb carrer Lepant,191204,2014-07-01T12:14:20,4583960.425703782,,2014-07-01T12:14:29,65103013000000,Planol BCN >> Internet >> Punts d'accés a Internet >> WiFi BCN,41.40424200472028,,,la Sagrada Família,,
,,2.170774735618894,,,C Mallorca,,8013,66731068,,BARCELONA,WiFi BCN,,651,,Eixample,,430683.78943273553,342,﻿99400346361,,True,2,,,7,45,Punt de connexió Barcelona WiFi a la cruïlla del carrer Mallorca amb carrer de Roger de Flor,191204,2014-07-01T12:17:08,4583483.24625742,,2014-07-01T12:17:16,65103013000000,Planol BCN >> Internet >> Punts d'accés a Internet >> WiFi BCN,41.39990199292702,,,la Dreta de l'Eixample,,
,,2.1257930040858186,,,Via Augusta,,8017,66731068,,BARCELONA,WiFi BCN,,651,,Sarrià-Sant Gervasi,,426922.23400360794,320,﻿99400346248,,True,5,,,24,46,Punt de connexió Barcelona WiFi a la cruïlla del carrer Via Augusta amb carrer Pau Alcover,28000,2014-07-01T08:41:53,4583378.7634845935,,2014-07-01T08:42:07,65103013000000,Planol BCN >> Internet >> Punts d'accés a Internet >> WiFi BCN,41.39862788833232,,,les Tres Torres,,
,,2.144896299089745,,,C Balmes,,8006,66731068,,BARCELONA,WiFi BCN,,651,,Sarrià-Sant Gervasi,,428523.7573467541,316,﻿99400346259,,True,5,,,27,47,Punt de connexió Barcelona WiFi a la cruïlla del carrer Balmes amb carrer del Francolí,32700,2014-07-01T09:11:26,4583829.099434589,,2014-07-01T09:11:37,65103013000000,Planol BCN >> Internet >> Punts d'accés a Internet >> WiFi BCN,41.402827841995666,,,el Putxet i el Farró,,
,,2.1259006367722164,,,Pg Bonanova,,8017,66731068,,BARCELONA,WiFi BCN,,651,,Sarrià-Sant Gervasi,,426935.63477867364,70,﻿99400346264,,True,5,,,25,48,Punt de connexió Barcelona WiFi a la cruïlla del Pg. de la Bonanova amb carrer de Pomaret,44709,2014-07-01T09:21:38,4583815.085231881,,2014-07-01T09:21:48,65103013000000,Planol BCN >> Internet >> Punts d'accés a Internet >> WiFi BCN,41.40255886414185,,,Sant Gervasi - la Bonanova,,
,,2.2039755474775142,Tel.,,Camí Antic de València,Telèfons,8005,55733069,933 032 447,BARCELONA,Casals de barri,,651,,Sant Martí,,433466.16225176683,106,﻿99400239106,,True,10,,,68,49,Casal de Barri Bac de Roda - Poblenou,17579,2010-01-13T12:25:23,4584223.659595128,,2026-02-12T22:34:11.812590,65103002002001,Planol BCN >> Cultura i lleure >> Espais de participació ciutadana >> Casals de barri,41.40680575086897,,222676,el Poblenou,True,20001
,,2.2039755474775142,Tel.,,Camí Antic de València,Telèfons,8005,66731068,933 032 447,BARCELONA,WiFi BCN,,651,,Sant Martí,,433466.16225176683,106,﻿99400239106,,True,10,,,68,50,Casal de Barri Bac de Roda - Poblenou,17579,2010-01-13T12:25:23,4584223.659595128,,2026-02-12T22:34:11.812590,65103013000000,Planol BCN >> Internet >> Punts d'accés a Internet >> WiFi BCN,41.40680575086897,,222676,el Poblenou,True,20001
,,2.1598328296050964,Tel.,,Carrer d'Horta,Telèfons,8032,66731068,640 809 645,Barcelona,WiFi BCN,,651,,Horta-Guinardó,,429803.1542560741,71,﻿99400239132,,True,7,,,43,51,Joves d'Horta-Guinardó,157104,2010-01-13T14:45:19,4586999.3137992015,,2026-01-23T12:32:04.536721,65103013000000,Planol BCN >> Internet >> Punts d'accés a Internet >> WiFi BCN,41.4314934655584,Whatsapp,693300,Horta,False,20001
,,2.1841872408943592,,,C Pescateria,,8003,66731068,,BARCELONA,WiFi BCN,,651,,Ciutat Vella,,431788.4320578904,9,﻿99400329006,,True,1,,,4,52,Punt de connexió Barcelona WiFi a la cruïlla de l'Avinguda Marquès d'Argentera amb Pescateria,254009,2013-10-29T12:36:44,4581715.997724237,,2013-10-29T12:53:07,65103013000000,Planol BCN >> Internet >> Punts d'accés a Internet >> WiFi BCN,41.38407937125521,,,"Sant Pere, Santa Caterina i la Ribera",,
,,2.2032783013705584,,,C Marià Aguiló,,8005,66731068,,BARCELONA,WiFi BCN,,651,,Sant Martí,,433402.2499937361,83,﻿99400345022,,True,10,,,68,53,Punt de connexió Barcelona WiFi a la cruïlla del carrer Marià Aguiló amb Llull,196707,2014-06-16T17:10:48,4583611.603551708,,2014-06-16T17:11:01,65103013000000,Planol BCN >> Internet >> Punts d'accés a Internet >> WiFi BCN,41.40128783351127,,,el Poblenou,,
,,2.201334124002109,,,C Marià Aguiló,,8005,66731068,,BARCELONA,WiFi BCN,,651,,Sant Martí,,433240.91453561257,54,﻿99400345025,,True,10,,,68,54,Punt de connexió Barcelona WiFi a la cruïlla del carrer Marià Aguiló amb Pujades,196707,2014-06-16T17:17:59,4583741.000257849,,2014-06-16T17:18:11,65103013000000,Planol BCN >> Internet >> Punts d'accés a Internet >> WiFi BCN,41.40243989501577,,,el Poblenou,,
,,2.2003905347213455,,,Rbla Poblenou,,8005,66731068,,BARCELONA,WiFi BCN,,651,,Sant Martí,,433161.50131863006,88,﻿99400345026,,True,10,,,68,55,Punt de connexió Barcelona WiFi a la cruïlla de la Rambla del Poblenou amb el carrer Pujades,346800,2014-06-16T17:29:29,4583683.268805235,,2014-06-16T17:30:05,65103013000000,Planol BCN >> Internet >> Punts d'accés a Internet >> WiFi BCN,41.40191332541208,,,el Poblenou,,
,,2.196760784394467,,,Rbla Poblenou,,8018,66731068,,BARCELONA,WiFi BCN,,651,,Sant Martí,,432860.58718801406,127,﻿99400345028,,True,10,,,68,56,Punt de connexió Barcelona WiFi a la cruïlla de la Rambla del Poblenou amb Sancho de Àvila,346800,2014-06-16T17:36:02,4583955.19509356,,2014-06-16T17:36:13,65103013000000,Planol BCN >> Internet >> Punts d'accés a Internet >> WiFi BCN,41.40433741701694,,,el Poblenou,,
,,2.2132205131908624,,,C Selva de Mar,,8019,66731068,,BARCELONA,WiFi BCN,,651,,Sant Martí,,434238.25576641574,18,﻿99400345034,,True,10,,,69,57,Punt de connexió Barcelona WiFi a la cruïlla del carrer Selva de Mar amb Passeig del Taulat,322608,2014-06-16T17:55:14,4584147.074492966,,2014-06-16T17:55:25,65103013000000,Planol BCN >> Internet >> Punts d'accés a Internet >> WiFi BCN,41.40617950213801,,,Diagonal Mar i el Front Marítim del Poblenou,,
,,2.13132023534547,Tel.,,Carrer de Ganduxer,Telèfons,8022,55733072,934186537,Barcelona,Centres cívics,,651,,Sarrià-Sant Gervasi,,427389.37735589105,130,﻿136112242,,True,5,,,25,58,Centre Cívic Pere Pruna,139805,2000-05-15T00:00:00,4583882.710670082,,2026-02-12T22:35:36.625219,65103002002004,Planol BCN >> Cultura i lleure >> Espais de participació ciutadana >> Centres cívics,41.40320904460328,,129553,Sant Gervasi - la Bonanova,True,20001
,,2.13132023534547,Tel.,,Carrer de Ganduxer,Telèfons,8022,66731068,934186537,Barcelona,WiFi BCN,,651,,Sarrià-Sant Gervasi,,427389.37735589105,130,﻿136112242,,True,5,,,25,59,Centre Cívic Pere Pruna,139805,2000-05-15T00:00:00,4583882.710670082,,2026-02-12T22:35:36.625219,65103013000000,Planol BCN >> Internet >> Punts d'accés a Internet >> WiFi BCN,41.40320904460328,,129553,Sant Gervasi - la Bonanova,True,20001
,,2.1283416789870513,Tel.,,Carrer de Dolors Masferrer i Bosch,Telèfons,8028,55733072,932916462,Barcelona,Centres cívics,,651,,Les Corts,,427119.86541584134,33,﻿99026095631,,True,4,,,19,60,Centre Cívic Tomasa Cuevas - Les Corts,202708,1999-01-26T00:00:00,4581843.53650543,,2026-02-12T22:35:19.309654,65103002002004,Planol BCN >> Cultura i lleure >> Espais de participació ciutadana >> Centres cívics,41.38481868130682,,201919,les Corts,True,20001
,,2.1528873448392276,,,C Santa Rosa,,8012,66731068,,BARCELONA,WiFi BCN,,651,,Gràcia,,429192.2208430386,9,﻿99400346182,,True,6,,,31,116,Punt de connexió Barcelona WiFi a la cruïlla del carrer Santa Rosa amb el carrer Gran de Gràcia,318203,2014-06-30T13:42:19,4583874.004137264,,2014-06-30T13:42:36,65103013000000,Planol BCN >> Internet >> Punts d'accés a Internet >> WiFi BCN,41.40329143270043,,,la Vila de Gràcia,,
,,2.1283416789870513,Tel.,,Carrer de Dolors Masferrer i Bosch,Telèfons,8028,66731068,932916462,Barcelona,WiFi BCN,,651,,Les Corts,,427119.86541584134,33,﻿99026095631,,True,4,,,19,61,Centre Cívic Tomasa Cuevas - Les Corts,202708,1999-01-26T00:00:00,4581843.53650543,,2026-02-12T22:35:19.309654,65103013000000,Planol BCN >> Internet >> Punts d'accés a Internet >> WiFi BCN,41.38481868130682,,201919,les Corts,True,20001
,,2.181725967522791,Tel.,,Carrer del Comerç,Telèfons,8003,55733072,932565000,Barcelona,Centres cívics,,651,,Ciutat Vella,,431586.1399487076,36,﻿98286141841,,True,1,,,4,62,Centre Cívic Convent de Sant Agustí,85400,1998-10-13T00:00:00,4582088.723046084,,2026-02-12T22:35:18.722302,65103002002004,Planol BCN >> Cultura i lleure >> Espais de participació ciutadana >> Centres cívics,41.38741922402338,,200574,"Sant Pere, Santa Caterina i la Ribera",True,20001
,,2.181725967522791,Tel.,,Carrer del Comerç,Telèfons,8003,66731068,932565000,Barcelona,WiFi BCN,,651,,Ciutat Vella,,431586.1399487076,36,﻿98286141841,,True,1,,,4,63,Centre Cívic Convent de Sant Agustí,85400,1998-10-13T00:00:00,4582088.723046084,,2026-02-12T22:35:18.722302,65103013000000,Planol BCN >> Internet >> Punts d'accés a Internet >> WiFi BCN,41.38741922402338,,200574,"Sant Pere, Santa Caterina i la Ribera",True,20001
,,2.1692995352958517,Tel.,,Pl Ca n'Ensenya,Telèfons,8042,55733071,933594000,BARCELONA,Casals i espais per a joves,,651,,Nou Barris,,430600.5453801615,4,﻿99400065439,,True,8,,,48,64,Casal de Joves Guineueta *Masia de la Guineueta,700899,2003-11-07T13:57:18,4587661.902508526,,2026-02-12T22:33:38.231690,65103002002003,Planol BCN >> Cultura i lleure >> Espais de participació ciutadana >> Casals i espais per a joves,41.43753043898184,,207463,la Guineueta,True,20001
,,2.1692995352958517,Tel.,,Pl Ca n'Ensenya,Telèfons,8042,66731068,933594000,BARCELONA,WiFi BCN,,651,,Nou Barris,,430600.5453801615,4,﻿99400065439,,True,8,,,48,65,Casal de Joves Guineueta *Masia de la Guineueta,700899,2003-11-07T13:57:18,4587661.902508526,,2026-02-12T22:33:38.231690,65103013000000,Planol BCN >> Internet >> Punts d'accés a Internet >> WiFi BCN,41.43753043898184,,207463,la Guineueta,True,20001
,,2.1641930899305866,Tel.,,C Camós,Telèfons,8031,55733068,934292775,BARCELONA,Casals d'avis,,651,,Nou Barris,,430170.17063641443,3,﻿99400282674,,True,8,,,47,66,Casal de Gent Gran Can Peguera,57100,2011-11-29T10:36:36,4587276.379175724,,2026-02-12T22:46:15.651812,65103002002000,Planol BCN >> Cultura i lleure >> Espais de participació ciutadana >> Casals d'avis,41.434020875873884,,224629,Can Peguera,True,20001
,,2.1641930899305866,Tel.,,C Camós,Telèfons,8031,66731068,934292775,BARCELONA,WiFi BCN,,651,,Nou Barris,,430170.17063641443,3,﻿99400282674,,True,8,,,47,67,Casal de Gent Gran Can Peguera,57100,2011-11-29T10:36:36,4587276.379175724,,2026-02-12T22:46:15.651812,65103013000000,Planol BCN >> Internet >> Punts d'accés a Internet >> WiFi BCN,41.434020875873884,,224629,Can Peguera,True,20001
,,2.149734522785366,,,Pl Lesseps,,8023,66731068,,BARCELONA,WiFi BCN,,651,,Sarrià-Sant Gervasi,,428932.05929735105,30,﻿99400266954,,True,5,,,27,68,Punt de connexió Barcelona WiFi a la cruïlla de la plaça Lesseps amb el carrer Gran de Gràcia,123408,2011-03-22T12:53:23,4584220.582702826,,2011-03-24T09:58:19,65103013000000,Planol BCN >> Internet >> Punts d'accés a Internet >> WiFi BCN,41.40638997514115,,,el Putxet i el Farró,,
,,2.2091663438339704,,,Pg Calvell,,8005,66731068,,BARCELONA,WiFi BCN,,651,,Sant Martí,,433891.7902951024,57,﻿99400266962,,True,10,,,68,69,Punt de connexió Barcelona WiFi a la cruïlla del carrer Bilbao amb la Ronda Litoral,55501,2011-03-22T13:09:38,4583317.497516463,,2011-03-28T12:41:57,65103013000000,Planol BCN >> Internet >> Punts d'accés a Internet >> WiFi BCN,41.39867929404264,,,el Poblenou,,
,,2.174074054857894,,,Pg Sant Joan,,8009,66731068,,BARCELONA,WiFi BCN,,651,,Eixample,,430955.39088461373,39,﻿99400266972,,True,2,,,7,70,Punt de connexió Barcelona WiFi a la cruïlla del Passeig de Sant Joan amb el carrer Diputació,305100,2011-03-22T13:58:45,4583040.449632251,,2011-03-28T12:42:31,65103013000000,Planol BCN >> Internet >> Punts d'accés a Internet >> WiFi BCN,41.3959372353558,,,la Dreta de l'Eixample,,
,,2.219582985516764,,,Pl Llevant,,8019,66731068,,BARCELONA,WiFi BCN,,651,,Sant Martí,,434775.15044213855,1,﻿99400266977,,True,10,,,70,71,Punt de connexió Barcelona WiFi a la cruïlla de la Rambla Prim amb el Passeig Taulat,701281,2011-03-22T14:20:41,4584707.550131637,,2011-03-29T10:10:26,65103013000000,Planol BCN >> Internet >> Punts d'accés a Internet >> WiFi BCN,41.41127131389504,,,el Besòs i el Maresme,,
,,2.2181385849177864,,,C Josep Pla,,8019,66731068,,BARCELONA,WiFi BCN,,651,,Sant Martí,,434650.05775099626,2,﻿99400266979,,True,10,,,69,72,Punt de connexió Barcelona WiFi a la cruïlla del carrer Josep Pla amb el Passeig de Garcia Faria,143609,2011-03-22T14:27:49,4584224.1548211,,2011-03-29T10:10:42,65103013000000,Planol BCN >> Internet >> Punts d'accés a Internet >> WiFi BCN,41.40690732864903,,,Diagonal Mar i el Front Marítim del Poblenou,,
,,2.1327928275094497,,,C Numància,,8029,66731068,,BARCELONA,WiFi BCN,,651,,Les Corts,,427497.3896313867,173,﻿99400267049,,True,4,,,19,73,Punt de connexió Barcelona WiFi a la cruïlla del carrer Numància amb Avinguda Diagonal,231502,2011-03-23T12:21:14,4582375.00040066,,2011-03-23T12:21:27,65103013000000,Planol BCN >> Internet >> Punts d'accés a Internet >> WiFi BCN,41.38963947513398,,,les Corts,,
,,2.210027394304035,,,Pg Taulat,,8005,66731068,,BARCELONA,WiFi BCN,,651,,Sant Martí,,433967.97846433363,205,﻿99400267070,,True,10,,,68,74,Punt de connexió Barcelona WiFi a la cruïlla de Bac de Roda amb el Passeig Taulat,701278,2011-03-23T12:41:58,4583778.504034801,,2011-03-30T08:52:58,65103013000000,Planol BCN >> Internet >> Punts d'accés a Internet >> WiFi BCN,41.40283772578351,,,el Poblenou,,
,,2.2071940631316544,,,C Fernando Poo,,8005,66731068,,BARCELONA,WiFi BCN,,651,,Sant Martí,,433728.28585417714,69,﻿99400267074,,True,10,,,68,75,Punt de connexió Barcelona WiFi a la cruïlla del carrer Bilbao amb Fernando Poo,123601,2011-03-23T12:53:00,4583468.264013852,,2011-03-30T08:53:11,65103013000000,Planol BCN >> Internet >> Punts d'accés a Internet >> WiFi BCN,41.4000237507223,,,el Poblenou,,
,,2.2122552388321495,,,C Bac de Roda,,8019,66731068,,BARCELONA,WiFi BCN,,651,,Sant Martí,,434152.7786998132,2,﻿99400267080,,True,10,,,69,76,Punt de connexió Barcelona WiFi a la cruïlla del carrer Bac de Roda amb la Ronda del Litoral,30409,2011-03-23T13:02:29,4583620.455612322,,2011-03-29T10:10:30,65103013000000,Planol BCN >> Internet >> Punts d'accés a Internet >> WiFi BCN,41.40142937928697,,,Diagonal Mar i el Front Marítim del Poblenou,,
,,2.209238394506165,,,C Selva de Mar,,8019,66731068,,BARCELONA,WiFi BCN,,651,,Sant Martí,,433907.86592264776,43,﻿99400267088,,True,10,,,69,77,Punt de connexió Barcelona WiFi a la cruïlla del carrer Selva de Mar amb Avinguda Diagonal,322608,2011-03-23T13:16:44,4584418.707779722,,2011-03-30T08:53:35,65103013000000,Planol BCN >> Internet >> Punts d'accés a Internet >> WiFi BCN,41.408598936799,,,Diagonal Mar i el Front Marítim del Poblenou,,
,,2.1912043537124344,Tel.,,Carrer de la Foradada,Telèfons,8033,55733072,933457016,Barcelona,Centres cívics,,651,,Sant Andreu,,432445.2091687139,36,﻿92086017153,,True,9,,,57,78,Centre Cívic Trinitat Vella,131100,1986-11-10T00:00:00,4589212.153783754,,2026-02-12T22:35:13.274233,65103002002004,Planol BCN >> Cultura i lleure >> Espais de participació ciutadana >> Centres cívics,41.45165030524977,,164472,la Trinitat Vella,True,20001
,,2.1912043537124344,Tel.,,Carrer de la Foradada,Telèfons,8033,66731068,933457016,Barcelona,WiFi BCN,,651,,Sant Andreu,,432445.2091687139,36,﻿92086017153,,True,9,,,57,79,Centre Cívic Trinitat Vella,131100,1986-11-10T00:00:00,4589212.153783754,,2026-02-12T22:35:13.274233,65103013000000,Planol BCN >> Internet >> Punts d'accés a Internet >> WiFi BCN,41.45165030524977,,164472,la Trinitat Vella,True,20001
,,2.165586285236515,,,Av Paral.lel,,8004,66731068,,BARCELONA,WiFi BCN,,651,,Sants-Montjuïc,,430223.2614839913,87,﻿99400297814,,True,3,,,11,80,Punt de connexió Barcelona WiFi a la cruïlla de l'Av. Paral·lel amb Comte Borrell,198804,2012-07-27T12:03:32,4580702.785294428,,2012-07-27T12:21:08,65103013000000,Planol BCN >> Internet >> Punts d'accés a Internet >> WiFi BCN,41.37481945511281,,,el Poble-sec,,
,,2.1510038683628,Tel.,,C Diputació,Telèfons,8015,57731068,934234350,BARCELONA,Bàsquet,,651,,Eixample,,429007.8082151845,17,﻿92086038165,,True,2,,,9,81,Centre Esportiu Municipal Joan Miró,100800,1991-12-17T00:00:00,4581122.301946236,,2026-02-12T22:27:03.418663,65103004000000,Planol BCN >> Esports >> Esports d'equip >> Bàsquet,41.37849159415273,,171403,la Nova Esquerra de l'Eixample,True,20001
,,2.1510038683628,Tel.,,C Diputació,Telèfons,8015,57731071,934234350,BARCELONA,Futbol sala,,651,,Eixample,,429007.8082151845,17,﻿92086038165,,True,2,,,9,82,Centre Esportiu Municipal Joan Miró,100800,1991-12-17T00:00:00,4581122.301946236,,2026-02-12T22:27:03.418663,65103004000003,Planol BCN >> Esports >> Esports d'equip >> Futbol sala,41.37849159415273,,171403,la Nova Esquerra de l'Eixample,True,20001
,,2.1510038683628,Tel.,,C Diputació,Telèfons,8015,57731075,934234350,BARCELONA,Handbol,,651,,Eixample,,429007.8082151845,17,﻿92086038165,,True,2,,,9,83,Centre Esportiu Municipal Joan Miró,100800,1991-12-17T00:00:00,4581122.301946236,,2026-02-12T22:27:03.418663,65103004000007,Planol BCN >> Esports >> Esports d'equip >> Handbol,41.37849159415273,,171403,la Nova Esquerra de l'Eixample,True,20001
,,2.1510038683628,Tel.,,C Diputació,Telèfons,8015,57732077,934234350,BARCELONA,Altres esports,,651,,Eixample,,429007.8082151845,17,﻿92086038165,,True,2,,,9,84,Centre Esportiu Municipal Joan Miró,100800,1991-12-17T00:00:00,4581122.301946236,,2026-02-12T22:27:03.418663,65103004001009,Planol BCN >> Esports >> Esports individuals >> Altres esports,41.37849159415273,,171403,la Nova Esquerra de l'Eixample,True,20001
,,2.1510038683628,Tel.,,C Diputació,Telèfons,8015,57732071,934234350,BARCELONA,Fitness,,651,,Eixample,,429007.8082151845,17,﻿92086038165,,True,2,,,9,85,Centre Esportiu Municipal Joan Miró,100800,1991-12-17T00:00:00,4581122.301946236,,2026-02-12T22:27:03.418663,65103004001003,Planol BCN >> Esports >> Esports individuals >> Fitness,41.37849159415273,,171403,la Nova Esquerra de l'Eixample,True,20001
,,2.1510038683628,Tel.,,C Diputació,Telèfons,8015,57732072,934234350,BARCELONA,Gimnàstica,,651,,Eixample,,429007.8082151845,17,﻿92086038165,,True,2,,,9,86,Centre Esportiu Municipal Joan Miró,100800,1991-12-17T00:00:00,4581122.301946236,,2026-02-12T22:27:03.418663,65103004001004,Planol BCN >> Esports >> Esports individuals >> Gimnàstica,41.37849159415273,,171403,la Nova Esquerra de l'Eixample,True,20001
,,2.1510038683628,Tel.,,C Diputació,Telèfons,8015,57732076,934234350,BARCELONA,Ioga,,651,,Eixample,,429007.8082151845,17,﻿92086038165,,True,2,,,9,87,Centre Esportiu Municipal Joan Miró,100800,1991-12-17T00:00:00,4581122.301946236,,2026-02-12T22:27:03.418663,65103004001008,Planol BCN >> Esports >> Esports individuals >> Ioga,41.37849159415273,,171403,la Nova Esquerra de l'Eixample,True,20001
,,2.1510038683628,Tel.,,C Diputació,Telèfons,8015,57345754,934234350,BARCELONA,Instal·lacions esportives,,651,,Eixample,,429007.8082151845,17,﻿92086038165,,True,2,,,9,88,Centre Esportiu Municipal Joan Miró,100800,1991-12-17T00:00:00,4581122.301946236,,2026-02-12T22:27:03.418663,65102004002,Planol BCN >> Esports >> Instal·lacions esportives,41.37849159415273,,171403,la Nova Esquerra de l'Eixample,True,20001
,,2.1510038683628,Tel.,,C Diputació,Telèfons,8015,57733068,934234350,BARCELONA,Instal·lacions esportives municipals,,651,,Eixample,,429007.8082151845,17,﻿92086038165,,True,2,,,9,89,Centre Esportiu Municipal Joan Miró,100800,1991-12-17T00:00:00,4581122.301946236,,2026-02-12T22:27:03.418663,65103004002000,Planol BCN >> Esports >> Instal·lacions esportives >> Instal·lacions esportives municipals,41.37849159415273,,171403,la Nova Esquerra de l'Eixample,True,20001
,,2.1510038683628,Tel.,,C Diputació,Telèfons,8015,66731068,934234350,BARCELONA,WiFi BCN,,651,,Eixample,,429007.8082151845,17,﻿92086038165,,True,2,,,9,90,Centre Esportiu Municipal Joan Miró,100800,1991-12-17T00:00:00,4581122.301946236,,2026-02-12T22:27:03.418663,65103013000000,Planol BCN >> Internet >> Punts d'accés a Internet >> WiFi BCN,41.37849159415273,,171403,la Nova Esquerra de l'Eixample,True,20001
,,2.1472209218753893,,,C Viladomat,,8029,66731068,,BARCELONA,WiFi BCN,,651,,Eixample,,428701.1389883111,269,﻿99400288126,,True,2,,,9,91,Punt de connexió Barcelona WiFi a la cruïlla dels carrers Viladomat amb Còrsega,361406,2012-03-15T09:49:52,4582107.080270875,,2012-03-15T09:50:12,65103013000000,Planol BCN >> Internet >> Punts d'accés a Internet >> WiFi BCN,41.38733402175133,,,la Nova Esquerra de l'Eixample,,
,,2.150030176756053,,,Via Augusta,,8006,66731068,,BARCELONA,WiFi BCN,,651,,Sarrià-Sant Gervasi,,428950.7532452856,91,﻿99400347827,,True,5,,,26,92,Punt de connexió Barcelona WiFi a la cruïlla del carrer Via Augusta amb Madrazo,28000,2014-07-17T14:34:27,4583606.999690721,,2014-07-17T14:35:02,65103013000000,Planol BCN >> Internet >> Punts d'accés a Internet >> WiFi BCN,41.400865323262096,,,Sant Gervasi - Galvany,,
,,2.1673879231006272,,,C Consell de Cent,,8009,66731068,,BARCELONA,WiFi BCN,,651,,Eixample,,430392.50143841526,326,﻿99400347842,,True,2,,,7,93,Punt de connexió Barcelona WiFi a la cruïlla del carrer del Consell de Cent amb Pau Claris,89004,2014-07-18T08:09:51,4582635.117471177,,2014-07-18T08:10:08,65103013000000,Planol BCN >> Internet >> Punts d'accés a Internet >> WiFi BCN,41.39223801736627,,,la Dreta de l'Eixample,,
,,2.173360366927164,,,C Lepant,,8025,66731068,,BARCELONA,WiFi BCN,,651,,Eixample,,430907.27010379947,319,﻿99400347851,,True,2,,,6,94,Punt de connexió Barcelona WiFi a la cruïlla del carrer Lepant amb Còrsega,178308,2014-07-18T08:36:47,4584250.5728196455,,2014-07-18T08:37:05,65103013000000,Planol BCN >> Internet >> Punts d'accés a Internet >> WiFi BCN,41.40683228240922,,,la Sagrada Família,,
,,2.1483932883821786,No tenen telèfon,,Juan de Mena,Telèfons,8032,55737068,-,BARCELONA,Parcs i jardins,,651,,Horta-Guinardó,,428847.085539423,10,﻿99278142252,,True,7,,,41,95,Jardins Can Brasó,172709,1999-10-05T00:00:00,4586980.769780192,,2026-02-20T08:04:25.796581,65103002006000,Planol BCN >> Cultura i lleure >> Parcs i jardins >> Parcs i jardins,41.43124231829737,,203849,la Vall d'Hebron,True,100050
,,2.1483932883821786,No tenen telèfon,,Juan de Mena,Telèfons,8032,66731068,-,BARCELONA,WiFi BCN,,651,,Horta-Guinardó,,428847.085539423,10,﻿99278142252,,True,7,,,41,96,Jardins Can Brasó,172709,1999-10-05T00:00:00,4586980.769780192,,2026-02-20T08:04:25.796581,65103013000000,Planol BCN >> Internet >> Punts d'accés a Internet >> WiFi BCN,41.43124231829737,,203849,la Vall d'Hebron,True,100050
,,2.1894124386376466,Tel.,,Carrer Gran de Sant Andreu,Telèfons,8030,55733072,933119953,Barcelona,Centres cívics,,651,,Sant Andreu,,432273.94529327267,111,﻿92086004879,,True,9,,,60,97,Centre Cívic Sant Andreu,296202,1984-05-30T00:00:00,4586907.667195705,,2026-02-12T22:35:10.802994,65103002002004,Planol BCN >> Cultura i lleure >> Espais de participació ciutadana >> Centres cívics,41.43088018380354,,160632,Sant Andreu,True,20001
,,2.1894124386376466,Tel.,,Carrer Gran de Sant Andreu,Telèfons,8030,66731068,933119953,Barcelona,WiFi BCN,,651,,Sant Andreu,,432273.94529327267,111,﻿92086004879,,True,9,,,60,98,Centre Cívic Sant Andreu,296202,1984-05-30T00:00:00,4586907.667195705,,2026-02-12T22:35:10.802994,65103013000000,Planol BCN >> Internet >> Punts d'accés a Internet >> WiFi BCN,41.43088018380354,,160632,Sant Andreu,True,20001
